timestamp,relative_power
2023-01-21 20:00:01,-0.07232643580410761
2023-01-21 20:01:01,-0.07723131385288816
2023-01-21 20:02:01,-0.07289852252497481
2023-01-21 20:03:01,-0.07058659840573359
2023-01-21 20:04:01,-0.07325516209137048
2023-01-21 20:05:01,-0.07415705911034058
2023-01-21 20:06:01,-0.07373429488269823
2023-01-21 20:07:01,-0.07171234366318624
2023-01-21 20:08:01,-0.07453402387998846
2023-01-21 20:09:01,-0.07796193715912124
2023-01-21 20:10:01,-0.07544784501819969
2023-01-21 20:11:01,-0.07641396967944648
2023-01-21 20:12:01,-0.07510123255207529
2023-01-21 20:13:01,-0.07616410518080144
2023-01-21 20:14:01,-0.07839608350058463
2023-01-21 20:15:01,-0.07713998593960901
2023-01-21 20:16:01,-0.0769294168339181
2023-01-21 20:17:01,-0.07804405098025918
2023-01-21 20:18:01,-0.07874865802632998
2023-01-21 20:19:01,-0.07523835992334893
2023-01-21 20:20:01,-0.07626871222687182
2023-01-21 20:21:01,-0.08001966073635704
2023-01-21 20:22:01,-0.07781369867673628
2023-01-21 20:23:01,-0.07872453878513742
2023-01-21 20:24:01,-0.07644188295857939
2023-01-21 20:25:01,-0.07978903743012396
2023-01-21 20:26:01,-0.07901722171196666
2023-01-21 20:27:01,-0.07679283146806436
2023-01-21 20:28:01,-0.0807532650724002
2023-01-21 20:29:01,-0.0787161377011267
2023-01-21 20:30:01,-0.07691911873093708
2023-01-21 20:31:01,-0.07649364447619414
2023-01-21 20:32:01,-0.0749052975927255
2023-01-21 20:33:01,-0.0764865984057337
2023-01-21 20:34:01,-0.07515245206427006
2023-01-21 20:35:01,-0.07506518919164144
2023-01-21 20:36:01,-0.07496844122416167
2023-01-21 20:37:01,-0.07401207266047603
2023-01-21 20:38:01,-0.07178361737592319
2023-01-21 20:39:01,-0.07173890192876879
2023-01-21 20:40:01,-0.07420936263337596
2023-01-21 20:41:01,-0.07168172035695315
2023-01-21 20:42:01,-0.07260150355478512
2023-01-21 20:43:01,-0.07263564989624846
2023-01-21 20:44:01,-0.06988388837863366
2023-01-21 20:45:01,-0.07252751981494751
2023-01-21 20:46:01,-0.07363781791792878
2023-01-21 20:47:01,-0.0729554330940802
2023-01-21 20:48:01,-0.070659227132021
2023-01-21 20:49:01,-0.07146112415099111
2023-01-21 20:50:01,-0.06928903743012378
2023-01-21 20:51:01,-0.06927386127836237
2023-01-21 20:52:01,-0.06601044664421603
2023-01-21 20:53:01,-0.06490990463879598
2023-01-21 20:54:01,-0.06342020274177722
2023-01-21 20:55:01,-0.06464757401548984
2023-01-21 20:56:01,-0.06478036534340291
2023-01-21 20:57:01,-0.06322535179326766
2023-01-21 20:58:01,-0.06609825152226485
2023-01-21 20:59:01,-0.06392643580410762
2023-01-21 21:00:01,-0.06135922713202084
2023-01-21 21:01:01,-0.06284134095315903
2023-01-21 21:02:01,-0.06236220816183129
2023-01-21 21:03:01,-0.06190041954394513
2023-01-21 21:04:01,-0.062289037430124004
2023-01-21 21:05:01,-0.05878985043825381
2023-01-21 21:06:01,-0.061852452064270015
2023-01-21 21:07:01,-0.06168388837863325
2023-01-21 21:08:01,-0.062185243392183426
2023-01-21 21:09:01,-0.059380365343403026
2023-01-21 21:10:01,-0.059678739327142925
2023-01-21 21:11:01,-0.059766273202481617
2023-01-21 21:12:01,-0.058881449354243186
2023-01-21 21:13:01,-0.05611857672551698
2023-01-21 21:14:01,-0.05852264176616733
2023-01-21 21:15:01,-0.0575779263190129
2023-01-21 21:16:01,-0.05914025694231886
2023-01-21 21:17:01,-0.05645651710492041
2023-01-21 21:18:01,-0.05654269596670922
2023-01-21 21:19:01,-0.057281991359663345
2023-01-21 21:20:01,-0.060688766427413735
2023-01-21 21:21:01,-0.058137817917928825
2023-01-21 21:22:01,-0.05486491818893136
2023-01-21 21:23:01,-0.053323183771587214
2023-01-21 21:24:01,-0.0545389019287691
2023-01-21 21:25:01,-0.054215866698416715
2023-01-21 21:26:01,-0.052747032010069736
2023-01-21 21:27:01,-0.05396220816183097
2023-01-21 21:28:01,-0.05058280436779337
2023-01-21 21:29:01,-0.04968605640031346
2023-01-21 21:30:01,-0.05200475558730556
2023-01-21 21:31:01,-0.04882264176616732
2023-01-21 21:32:01,-0.04943673390708871
2023-01-21 21:33:01,-0.04705218106156021
2023-01-21 21:34:01,-0.04826247916454121
2023-01-21 21:35:01,-0.045884159381343284
2023-01-21 21:36:01,-0.049349742037170026
2023-01-21 21:37:01,-0.04782833282307762
2023-01-21 21:38:01,-0.047843237972129304
2023-01-21 21:39:01,-0.048545405993809555
2023-01-21 21:40:01,-0.04636058214557118
2023-01-21 21:41:01,-0.04634513499109942
2023-01-21 21:42:01,-0.04581559569570644
2023-01-21 21:43:01,-0.043650826048010065
2023-01-21 21:44:01,-0.04450204556020515
2023-01-21 21:45:01,-0.044437546915218874
2023-01-21 21:46:01,-0.04667657130546266
2023-01-21 21:47:01,-0.04377304827023244
2023-01-21 21:48:01,-0.04412345477429736
2023-01-21 21:49:01,-0.042038088920638636
2023-01-21 21:50:01,-0.044593915478904525
2023-01-21 21:51:01,-0.0430535360751103
2023-01-21 21:52:01,-0.043943237972129456
2023-01-21 21:53:01,-0.04153293986914839
2023-01-21 21:54:01,-0.039211801657766034
2023-01-21 21:55:01,-0.03801396967944641
2023-01-21 21:56:01,-0.035253536075110295
2023-01-21 21:57:01,-0.03415543309408044
2023-01-21 21:58:01,-0.033664918188931435
2023-01-21 21:59:01,-0.035494999489744355
2023-01-21 22:00:01,-0.03653402387998843
2023-01-21 22:01:01,-0.033928874828497914
2023-01-21 22:02:01,-0.03139635450329446
2023-01-21 22:03:01,-0.028070067240422027
2023-01-21 22:04:01,-0.028821286752617074
2023-01-21 22:05:01,-0.02671234366318597
2023-01-21 22:06:01,-0.024458143121180855
2023-01-21 22:07:01,-0.02458199135966327
2023-01-21 22:08:01,-0.02446871222687179
2023-01-21 22:09:01,-0.02231098864963591
2023-01-21 22:10:01,-0.02169418648161447
2023-01-21 22:11:01,-0.021447303012779997
2023-01-21 22:12:01,-0.016906923608985637
2023-01-21 22:13:01,-0.019822099760747086
2023-01-21 22:14:01,-0.01849554149516487
2023-01-21 22:15:01,-0.015221286752617143
2023-01-21 22:16:01,-0.015348929029039829
2023-01-21 22:17:01,-0.013383075370503247
2023-01-21 22:18:01,-0.010949200031749892
2023-01-21 22:19:01,-0.012770067240422074
2023-01-21 22:20:01,-0.0071264358041075735
2023-01-21 22:21:01,-0.01023212686101807
2023-01-21 22:22:01,-0.0056112596523461445
2023-01-21 22:23:01,-0.004873048270232297
2023-01-21 22:24:01,-0.0032790103298528683
2023-01-21 22:25:01,0.001194160401854338
2023-01-21 22:26:01,0.0032705831660819443
2023-01-21 22:27:01,0.004676545225702587
2023-01-21 22:28:01,0.00765432300348067
2023-01-21 22:29:01,0.008300393464184878
2023-01-21 22:30:01,0.012958659046841016
2023-01-21 22:31:01,0.014636165821908789
2023-01-21 22:32:01,0.014629932759578027
2023-01-21 22:33:01,0.017513672596976337
2023-01-21 22:34:01,0.019717737637626756
2023-01-21 22:35:01,0.02016136907394095
2023-01-21 22:36:01,0.02247817124196274
2023-01-21 22:37:01,0.023969228152531788
2023-01-21 22:38:01,0.025301748477735295
2023-01-21 22:39:01,0.023372480185052204
2023-01-21 22:40:01,0.027349444954700274
2023-01-21 22:41:01,0.026376545225702788
2023-01-21 22:42:01,0.030706084521095696
2023-01-21 22:43:01,0.03263724983274879
2023-01-21 22:44:01,0.036792805388304435
2023-01-21 22:45:01,0.03728846934494383
2023-01-21 22:46:01,0.0387678731389819
2023-01-21 22:47:01,0.04108874034765387
2023-01-21 22:48:01,0.04392180267827716
2023-01-21 22:49:01,0.04630798154006581
2023-01-21 22:50:01,0.048087656336813625
2023-01-21 22:51:01,0.04952017666201695
2023-01-21 22:52:01,0.05237220918234233
2023-01-21 22:53:01,0.05434185687881939
2023-01-21 22:54:01,0.06046733113356156
2023-01-21 22:55:01,0.06417627422299235
2023-01-21 22:56:01,0.066997141431665
2023-01-21 22:57:01,0.06931611162136683
2023-01-21 22:58:01,0.0703115045752963
2023-01-21 22:59:01,0.07602749373518773
2023-01-21 23:00:01,0.07633372679751835
2023-01-21 23:01:01,0.07688467530700356
2023-01-21 23:02:01,0.07977437720402243
2023-01-21 23:03:01,0.07996651812543167
2023-01-21 23:04:01,0.08220201948044527
2023-01-21 23:05:01,0.08117248018505223
2023-01-21 23:06:01,0.08440852354548574
2023-01-21 23:07:01,0.08506109807123091
2023-01-21 23:08:01,0.0868594720549708
2023-01-21 23:09:01,0.08793237178396832
2023-01-21 23:10:01,0.08679849644521495
2023-01-21 23:11:01,0.08960771053735579
2023-01-21 23:12:01,0.09121123357258618
2023-01-21 23:13:01,0.0921993094533449
2023-01-21 23:14:01,0.09336191107936133
2023-01-21 23:15:01,0.09494266988694916
2023-01-21 23:16:01,0.09605920105226072
2023-01-21 23:17:01,0.09753128777312821
2023-01-21 23:18:01,0.10036814414169219
2023-01-21 23:19:01,0.10043995985984926
2023-01-21 23:20:01,0.10328765633681398
2023-01-21 23:21:01,0.1041497159574098
2023-01-21 23:22:01,0.10810256148586506
2023-01-21 23:23:01,0.1108610980712312
2023-01-21 23:24:01,0.11198359129616327
2023-01-21 23:25:01,0.113511775578006
2023-01-21 23:26:01,0.11828467530700357
2023-01-21 23:27:01,0.11762668072705762
2023-01-21 23:28:01,0.12070093546960513
2023-01-21 23:29:01,0.1266692281525323
2023-01-21 23:30:01,0.12359551541540467
2023-01-21 23:31:01,0.12613914685171881
2023-01-21 23:32:01,0.13039524441269437
2023-01-21 23:33:01,0.1352464639248896
2023-01-21 23:34:01,0.1320337267975187
2023-01-21 23:35:01,0.13501611162136695
2023-01-21 23:36:01,0.1327526969872205
2023-01-21 23:37:01,0.13392776473789794
2023-01-21 23:38:01,0.13413589481919877
2023-01-21 23:39:01,0.1324760032202829
2023-01-21 23:40:01,0.13098901135036387
2023-01-21 23:41:01,0.13028386229887343
2023-01-21 23:42:01,0.13161638262407674
2023-01-21 23:43:01,0.12959172137746452
2023-01-21 23:44:01,0.12687085416879174
2023-01-21 23:45:01,0.12289172137746424
2023-01-21 23:46:01,0.1184667891281417
2023-01-21 23:47:01,0.11622722273247799
2023-01-21 23:48:01,0.11361882164846711
2023-01-21 23:49:01,0.10671584061865635
2023-01-21 23:50:01,0.10359253438559433
2023-01-21 23:51:01,0.09854023086255895
2023-01-21 23:52:01,0.09449199238017413
2023-01-21 23:53:01,0.08700933655361585
2023-01-21 23:54:01,0.08112559671621761
2023-01-21 23:55:01,0.0758307457677079
2023-01-21 23:56:01,0.07120852354548585
2023-01-21 23:57:01,0.06427410620131209
2023-01-21 23:58:01,0.055739146851718886
2023-01-21 23:59:01,0.05303724983274867
2023-01-22 00:00:01,0.046194973409984456
2023-01-22 00:01:01,0.04024808994114962
2023-01-22 00:02:01,0.03923779183816873
2023-01-22 00:03:01,0.03454646392488945
2023-01-22 00:04:01,0.032461640076651296
2023-01-22 00:05:01,0.029026138721637573
2023-01-22 00:06:01,0.02329605742082451
2023-01-22 00:07:01,0.022989824358493848
2023-01-22 00:08:01,0.01743508181106844
2023-01-22 00:09:01,0.014147818938439931
2023-01-22 00:10:01,0.013986301323263608
2023-01-22 00:11:01,0.008332642786678356
2023-01-22 00:12:01,0.00595649102516066
2023-01-22 00:13:01,0.0012131305915563592
2023-01-22 00:14:01,-0.0016039425791751977
2023-01-22 00:15:01,-0.007243779977549422
2023-01-22 00:16:01,-0.011392560465354227
2023-01-22 00:17:01,-0.013007736617116013
2023-01-22 00:18:01,-0.01577928133256298
2023-01-22 00:19:01,-0.018175758297332614
2023-01-22 00:20:01,-0.022279552335273036
2023-01-22 00:21:01,-0.02368957943554396
2023-01-22 00:22:01,-0.026153807077820404
2023-01-22 00:23:01,-0.027444863988389676
2023-01-22 00:24:01,-0.026641882958578972
2023-01-22 00:25:01,-0.029509904638795933
2023-01-22 00:26:01,-0.03041884772822678
2023-01-22 00:27:01,-0.02985624610221047
2023-01-22 00:28:01,-0.031216408703836775
2023-01-22 00:29:01,-0.03368795341928382
2023-01-22 00:30:01,-0.03572779081765785
2023-01-22 00:31:01,-0.034403942579175346
2023-01-22 00:32:01,-0.034645134991099384
2023-01-22 00:33:01,-0.033479010329852975
2023-01-22 00:34:01,-0.0352031295710456
2023-01-22 00:35:01,-0.03574486398838953
2023-01-22 00:36:01,-0.035201503554785366
2023-01-22 00:37:01,-0.034519931739067186
2023-01-22 00:38:01,-0.03665109705072009
2023-01-22 00:39:01,-0.03760611060085534
2023-01-22 00:40:01,-0.039738630926058824
2023-01-22 00:41:01,-0.04043998593960888
2023-01-22 00:42:01,-0.03907331927294232
2023-01-22 00:43:01,-0.0369120726604762
2023-01-22 00:44:01,-0.04068768241657348
2023-01-22 00:45:01,-0.039610988649635935
2023-01-22 00:46:01,-0.038650284042589966
2023-01-22 00:47:01,-0.040100961549365176
2023-01-22 00:48:01,-0.04153673390708864
2023-01-22 00:49:01,-0.04326979623771186
2023-01-22 00:50:01,-0.04377413228107235
2023-01-22 00:51:01,-0.04031451168486637
2023-01-22 00:52:01,-0.0448966255060046
2023-01-22 00:53:01,-0.0416741322810724
2023-01-22 00:54:01,-0.04026193715912129
2023-01-22 00:55:01,-0.039476029300042466
2023-01-22 00:56:01,-0.03628253336508319
2023-01-22 00:57:01,-0.03774621900193959
2023-01-22 00:58:01,-0.03675082604801001
2023-01-22 00:59:01,-0.03726952523500217
2023-01-22 01:00:01,-0.03994892902903989
2023-01-22 01:01:01,-0.03715678810763065
2023-01-22 01:02:01,-0.038679552335272864
2023-01-22 01:03:01,-0.039276029300042654
2023-01-22 01:04:01,-0.041177384313592774
2023-01-22 01:05:01,-0.03882182875803738
2023-01-22 01:06:01,-0.03833835992334871
2023-01-22 01:07:01,-0.03826058214557114
2023-01-22 01:08:01,-0.03856789921874171
2023-01-22 01:09:01,-0.03697088024855208
2023-01-22 01:10:01,-0.03650909163066583
2023-01-22 01:11:01,-0.03929635450329487
2023-01-22 01:12:01,-0.039575758297332356
2023-01-22 01:13:01,-0.03882887482849808
2023-01-22 01:14:01,-0.03917060924584192
2023-01-22 01:15:01,-0.03924730301277975
2023-01-22 01:16:01,-0.040866815207901586
2023-01-22 01:17:01,-0.039351368053430334
2023-01-22 01:18:01,-0.041102858568335204
2023-01-22 01:19:01,-0.03875895612931078
2023-01-22 01:20:01,-0.03952264176616726
2023-01-22 01:21:01,-0.038602316562915184
2023-01-22 01:22:01,-0.03886085314828107
2023-01-22 01:23:01,-0.0384551620913705
2023-01-22 01:24:01,-0.03920041954394508
2023-01-22 01:25:01,-0.040332126861018364
2023-01-22 01:26:01,-0.04032047374448699
2023-01-22 01:27:01,-0.03933456588540853
2023-01-22 01:28:01,-0.03892968783662795
2023-01-22 01:29:01,-0.040338359923348874
2023-01-22 01:30:01,-0.039027248812237826
2023-01-22 01:31:01,-0.04064134095315886
2023-01-22 01:32:01,-0.03799499948974439
2023-01-22 01:33:01,-0.03703700490979867
2023-01-22 01:34:01,-0.037035649896248524
2023-01-22 01:35:01,-0.039141882958579316
2023-01-22 01:36:01,-0.03680882062795581
2023-01-22 01:37:01,-0.04111722171196673
2023-01-22 01:38:01,-0.04002643580410753
2023-01-22 01:39:01,-0.03716058214557105
2023-01-22 01:40:01,-0.03735597509950051
2023-01-22 01:41:01,-0.03955841412389074
2023-01-22 01:42:01,-0.036531042850177844
2023-01-22 01:43:01,-0.039166544205191896
2023-01-22 01:44:01,-0.04136735721332157
2023-01-22 01:45:01,-0.0423638341780913
2023-01-22 01:46:01,-0.04270069054665503
2023-01-22 01:47:01,-0.044616137701126844
2023-01-22 01:48:01,-0.045406381603565554
2023-01-22 01:49:01,-0.042183617375923466
2023-01-22 01:50:01,-0.04583510789082859
2023-01-22 01:51:01,-0.04558090734882323
2023-01-22 01:52:01,-0.043442695966709154
2023-01-22 01:53:01,-0.045180365343403146
2023-01-22 01:54:01,-0.04868280436779319
2023-01-22 01:55:01,-0.04611261466589612
2023-01-22 01:56:01,-0.047761395153701355
2023-01-22 01:57:01,-0.04746573119706152
2023-01-22 01:58:01,-0.042097167511424956
2023-01-22 01:59:01,-0.047190392443673866
2023-01-22 02:00:01,-0.04948849542470386
2023-01-22 02:01:01,-0.04750177455749533
2023-01-22 02:02:01,-0.0447594981347307
2023-01-22 02:03:01,-0.0472139696794463
2023-01-22 02:04:01,-0.04522074474719693
2023-01-22 02:05:01,-0.050147574015489464
2023-01-22 02:06:01,-0.04907684230817258
2023-01-22 02:07:01,-0.04460150355478505
2023-01-22 02:08:01,-0.04530312957104531
2023-01-22 02:09:01,-0.046967357213321646
2023-01-22 02:10:01,-0.04085597509950061
2023-01-22 02:11:01,-0.046059227132021
2023-01-22 02:12:01,-0.044749471034460093
2023-01-22 02:13:01,-0.044001232552075165
2023-01-22 02:14:01,-0.04543375287727834
2023-01-22 02:15:01,-0.044758414123891074
2023-01-22 02:16:01,-0.043938088920638704
2023-01-22 02:17:01,-0.040854891088660465
2023-01-22 02:18:01,-0.044029958839337933
2023-01-22 02:19:01,-0.0436115306550562
2023-01-22 02:20:01,-0.044779281332562856
2023-01-22 02:21:01,-0.04725516209137047
2023-01-22 02:22:01,-0.04532508079055764
2023-01-22 02:23:01,-0.03917006724042191
2023-01-22 02:24:01,-0.03742968783662787
2023-01-22 02:25:01,-0.036690934449094166
2023-01-22 02:26:01,-0.037050013039879925
2023-01-22 02:27:01,-0.03600258756562524
2023-01-22 02:28:01,-0.037866544205191505
2023-01-22 02:29:01,-0.03471586669841679
2023-01-22 02:30:01,-0.03429879352768489
2023-01-22 02:31:01,-0.03435949813473097
2023-01-22 02:32:01,-0.034504755587305425
2023-01-22 02:33:01,-0.03261396967944629
2023-01-22 02:34:01,-0.0343773843135927
2023-01-22 02:35:01,-0.03559689650871463
2023-01-22 02:36:01,-0.03510746561440569
2023-01-22 02:37:01,-0.0390651891916416
2023-01-22 02:38:01,-0.035952181061560375
2023-01-22 02:39:01,-0.03203158485559799
2023-01-22 02:40:01,-0.03125407808053021
2023-01-22 02:41:01,-0.03278795341928377
2023-01-22 02:42:01,-0.03320123255207517
2023-01-22 02:43:01,-0.030692018459934023
2023-01-22 02:44:01,-0.037876571305462604
2023-01-22 02:45:01,-0.03611342767402625
2023-01-22 02:46:01,-0.037871151251262176
2023-01-22 02:47:01,-0.03484865802632981
2023-01-22 02:48:01,-0.03331505369028654
2023-01-22 02:49:01,-0.040299335533104746
2023-01-22 02:50:01,-0.04190150355478512
2023-01-22 02:51:01,-0.04596329217267132
2023-01-22 02:52:01,-0.045343779977549285
2023-01-22 02:53:01,-0.04458822442199353
2023-01-22 02:54:01,-0.04927331927294228
2023-01-22 02:55:01,-0.047366815207901786
2023-01-22 02:56:01,-0.04771993173906716
2023-01-22 02:57:01,-0.047687682416573625
2023-01-22 02:58:01,-0.0451871404111537
2023-01-22 02:59:01,-0.043891747457224024
2023-01-22 03:00:01,-0.04379472848703456
2023-01-22 03:01:01,-0.0392267068068176
2023-01-22 03:02:01,-0.03824947103446003
2023-01-22 03:03:01,-0.041701774557495276
2023-01-22 03:04:01,-0.04497142225397211
2023-01-22 03:05:01,-0.04227819732172268
2023-01-22 03:06:01,-0.04239960653581495
2023-01-22 03:07:01,-0.04122264176616718
2023-01-22 03:08:01,-0.03924269596670901
2023-01-22 03:09:01,-0.040945676996519846
2023-01-22 03:10:01,-0.03869527049245445
2023-01-22 03:11:01,-0.03965136805343008
2023-01-22 03:12:01,-0.039730771847468205
2023-01-22 03:13:01,-0.04048957943554401
2023-01-22 03:14:01,-0.03912047374448708
2023-01-22 03:15:01,-0.03884730301277995
2023-01-22 03:16:01,-0.037649742037170086
2023-01-22 03:17:01,-0.03840773661711551
2023-01-22 03:18:01,-0.03660177455749534
2023-01-22 03:19:01,-0.036960311142861135
2023-01-22 03:20:01,-0.03644106995044933
2023-01-22 03:21:01,-0.03929879352768488
2023-01-22 03:22:01,-0.03462887482849804
2023-01-22 03:23:01,-0.036136733907088575
2023-01-22 03:24:01,-0.03626031114286108
2023-01-22 03:25:01,-0.035359498134730945
2023-01-22 03:26:01,-0.037221557755327164
2023-01-22 03:27:01,-0.03607494528920242
2023-01-22 03:28:01,-0.036350284042589984
2023-01-22 03:29:01,-0.04105407808053024
2023-01-22 03:30:01,-0.03800719461169585
2023-01-22 03:31:01,-0.03694486398838932
2023-01-22 03:32:01,-0.03762914583120775
2023-01-22 03:33:01,-0.037876571305462674
2023-01-22 03:34:01,-0.039130771847468174
2023-01-22 03:35:01,-0.04026220816183115
2023-01-22 03:36:01,-0.038734836888118365
2023-01-22 03:37:01,-0.039946490004649636
2023-01-22 03:38:01,-0.040465731197061476
2023-01-22 03:39:01,-0.039937004909798623
2023-01-22 03:40:01,-0.04248605640031349
2023-01-22 03:41:01,-0.039312343663186526
2023-01-22 03:42:01,-0.039792018459934006
2023-01-22 03:43:01,-0.03871234366318633
2023-01-22 03:44:01,-0.0375226417661673
2023-01-22 03:45:01,-0.04028551439489349
2023-01-22 03:46:01,-0.03933781791792856
2023-01-22 03:47:01,-0.04077521629191268
2023-01-22 03:48:01,-0.043137546915218844
2023-01-22 03:49:01,-0.04270963363608591
2023-01-22 03:50:01,-0.04000231656291522
2023-01-22 03:51:01,-0.040526977809527895
2023-01-22 03:52:01,-0.03918768241657387
2023-01-22 03:53:01,-0.0400844303840536
2023-01-22 03:54:01,-0.04344811602090963
2023-01-22 03:55:01,-0.044234294882698394
2023-01-22 03:56:01,-0.04863835992334893
2023-01-22 03:57:01,-0.04874377997754938
2023-01-22 03:58:01,-0.04970177455749517
2023-01-22 03:59:01,-0.04676735721332164
2023-01-22 04:00:01,-0.05247060924584195
2023-01-22 04:01:01,-0.05029933553310512
2023-01-22 04:02:01,-0.05500448458459545
2023-01-22 04:03:01,-0.05195163905614012
2023-01-22 04:04:01,-0.04926247916454116
2023-01-22 04:05:01,-0.04872589379868762
2023-01-22 04:06:01,-0.04787467428649253
2023-01-22 04:07:01,-0.046894999489744675
2023-01-22 04:08:01,-0.04554350897483937
2023-01-22 04:09:01,-0.04576789921874192
2023-01-22 04:10:01,-0.047924809787847335
2023-01-22 04:11:01,-0.05142426778242745
2023-01-22 04:12:01,-0.0484863274030238
2023-01-22 04:13:01,-0.04752751981494796
2023-01-22 04:14:01,-0.04729933553310493
2023-01-22 04:15:01,-0.04921911873093723
2023-01-22 04:16:01,-0.04817602930004238
2023-01-22 04:17:01,-0.04364188295857907
2023-01-22 04:18:01,-0.041111530655056204
2023-01-22 04:19:01,-0.03814215396128932
2023-01-22 04:20:01,-0.038233752877278114
2023-01-22 04:21:01,-0.04167819732172264
2023-01-22 04:22:01,-0.038874945289202545
2023-01-22 04:23:01,-0.039611801657766246
2023-01-22 04:24:01,-0.03701478268757643
2023-01-22 04:25:01,-0.039715324692996615
2023-01-22 04:26:01,-0.04259798051955483
2023-01-22 04:27:01,-0.0450299588393381
2023-01-22 04:28:01,-0.04465353607511041
2023-01-22 04:29:01,-0.045228874828498127
2023-01-22 04:30:01,-0.047268170221451716
2023-01-22 04:31:01,-0.04661640870383655
2023-01-22 04:32:01,-0.0463971675114247
2023-01-22 04:33:01,-0.04792779081765773
2023-01-22 04:34:01,-0.047285243392183506
2023-01-22 04:35:01,-0.04663212686101841
2023-01-22 04:36:01,-0.04876437618351147
2023-01-22 04:37:01,-0.04740421358188548
2023-01-22 04:38:01,-0.04652535179326735
2023-01-22 04:39:01,-0.0444532650724003
2023-01-22 04:40:01,-0.0452784683244328
2023-01-22 04:41:01,-0.04515082604800998
2023-01-22 04:42:01,-0.044393373473484425
2023-01-22 04:43:01,-0.04457819732172265
2023-01-22 04:44:01,-0.04494892902903991
2023-01-22 04:45:01,-0.048284159381343436
2023-01-22 04:46:01,-0.050317221711967
2023-01-22 04:47:01,-0.04696112415099128
2023-01-22 04:48:01,-0.04921424068215656
2023-01-22 04:49:01,-0.04576546019435161
2023-01-22 04:50:01,-0.04786600219977173
2023-01-22 04:51:01,-0.04615651710492064
2023-01-22 04:52:01,-0.04989391547890442
2023-01-22 04:53:01,-0.04663863092605885
2023-01-22 04:54:01,-0.04688714041115362
2023-01-22 04:55:01,-0.04625136805343002
2023-01-22 04:56:01,-0.04624567699651958
2023-01-22 04:57:01,-0.04564106995044914
2023-01-22 04:58:01,-0.04468253336508308
2023-01-22 04:59:01,-0.04544188295857894
2023-01-22 05:00:01,-0.045042424963999184
2023-01-22 05:01:01,-0.04481180165776634
2023-01-22 05:02:01,-0.044738901928769066
2023-01-22 05:03:01,-0.043172777267522486
2023-01-22 05:04:01,-0.04438578539760335
2023-01-22 05:05:01,-0.043486056400313576
2023-01-22 05:06:01,-0.04479174745722425
2023-01-22 05:07:01,-0.04081234366318614
2023-01-22 05:08:01,-0.04513754691521887
2023-01-22 05:09:01,-0.04349120545180411
2023-01-22 05:10:01,-0.04328280436779341
2023-01-22 05:11:01,-0.04486139515370138
2023-01-22 05:12:01,-0.042231042850178216
2023-01-22 05:13:01,-0.04079689650871469
2023-01-22 05:14:01,-0.040740798947738854
2023-01-22 05:15:01,-0.04065191005885022
2023-01-22 05:16:01,-0.04179635450329431
2023-01-22 05:17:01,-0.04179662550600446
2023-01-22 05:18:01,-0.042405297592725356
2023-01-22 05:19:01,-0.036939443934188826
2023-01-22 05:20:01,-0.04127331927294222
2023-01-22 05:21:01,-0.03984703201006964
2023-01-22 05:22:01,-0.039966273202481535
2023-01-22 05:23:01,-0.039122099760747236
2023-01-22 05:24:01,-0.03912182875803697
2023-01-22 05:25:01,-0.04119012144096381
2023-01-22 05:26:01,-0.04291505369028657
2023-01-22 05:27:01,-0.04141938973364714
2023-01-22 05:28:01,-0.04462724881223784
2023-01-22 05:29:01,-0.04471559569570652
2023-01-22 05:30:01,-0.044123183771587346
2023-01-22 05:31:01,-0.04521234366318618
2023-01-22 05:32:01,-0.04541234366318628
2023-01-22 05:33:01,-0.044784972389473675
2023-01-22 05:34:01,-0.04261044664421595
2023-01-22 05:35:01,-0.04146112415099126
2023-01-22 05:36:01,-0.041337004909798594
2023-01-22 05:37:01,-0.04266871222687187
2023-01-22 05:38:01,-0.041711530655056124
2023-01-22 05:39:01,-0.04011695070925679
2023-01-22 05:40:01,-0.04229499948974429
2023-01-22 05:41:01,-0.042265731197061666
2023-01-22 05:42:01,-0.04472074474719708
2023-01-22 05:43:01,-0.04201830572280688
2023-01-22 05:44:01,-0.03932562279597745
2023-01-22 05:45:01,-0.041666815207901574
2023-01-22 05:46:01,-0.041684972389473544
2023-01-22 05:47:01,-0.042286327403023495
2023-01-22 05:48:01,-0.037628874828498006
2023-01-22 05:49:01,-0.04272643580410782
2023-01-22 05:50:01,-0.03939012144096389
2023-01-22 05:51:01,-0.03985191005885014
2023-01-22 05:52:01,-0.03705218106156026
2023-01-22 05:53:01,-0.03840123255207543
2023-01-22 05:54:01,-0.040387682416573735
2023-01-22 05:55:01,-0.04037955233527299
2023-01-22 05:56:01,-0.04279391547890425
2023-01-22 05:57:01,-0.038286327403023526
2023-01-22 05:58:01,-0.0375741322810725
2023-01-22 05:59:01,-0.03748957943554389
2023-01-22 06:00:01,-0.03839201845993422
2023-01-22 06:01:01,-0.039763563175381336
2023-01-22 06:02:01,-0.0380616661564111
2023-01-22 06:03:01,-0.03740448458459528
2023-01-22 06:04:01,-0.03962372577700747
2023-01-22 06:05:01,-0.037749471034459955
2023-01-22 06:06:01,-0.0369058395981457
2023-01-22 06:07:01,-0.03826817022145184
2023-01-22 06:08:01,-0.037042153961289216
2023-01-22 06:09:01,-0.04130123255207495
2023-01-22 06:10:01,-0.0398389019287688
2023-01-22 06:11:01,-0.03717819732172262
2023-01-22 06:12:01,-0.03657738431359259
2023-01-22 06:13:01,-0.039491205451804096
2023-01-22 06:14:01,-0.0395912054518041
2023-01-22 06:15:01,-0.03974486398838928
2023-01-22 06:16:01,-0.04047521629191228
2023-01-22 06:17:01,-0.03820258756562523
2023-01-22 06:18:01,-0.039711530655056185
2023-01-22 06:19:01,-0.04046898322958211
2023-01-22 06:20:01,-0.04076383417809132
2023-01-22 06:21:01,-0.04156627320248164
2023-01-22 06:22:01,-0.04455136805343015
2023-01-22 06:23:01,-0.04483321087185835
2023-01-22 06:24:01,-0.04683104285017806
2023-01-22 06:25:01,-0.04922995883933804
2023-01-22 06:26:01,-0.044795812497874635
2023-01-22 06:27:01,-0.04576654420519158
2023-01-22 06:28:01,-0.04665380707782062
2023-01-22 06:29:01,-0.04368686940844378
2023-01-22 06:30:01,-0.046572506264812026
2023-01-22 06:31:01,-0.04446817022145183
2023-01-22 06:32:01,-0.0428426959667094
2023-01-22 06:33:01,-0.04618497238947328
2023-01-22 06:34:01,-0.04558117835153297
2023-01-22 06:35:01,-0.04148117835153303
2023-01-22 06:36:01,-0.039210446644216
2023-01-22 06:37:01,-0.04078415938134333
2023-01-22 06:38:01,-0.04138659840573355
2023-01-22 06:39:01,-0.040894728487034335
2023-01-22 06:40:01,-0.039885243392183675
2023-01-22 06:41:01,-0.03869256046535434
2023-01-22 06:42:01,-0.03945462008595058
2023-01-22 06:43:01,-0.03987873932714291
2023-01-22 06:44:01,-0.04015218106156029
2023-01-22 06:45:01,-0.04029499948974453
2023-01-22 06:46:01,-0.039180365343403266
2023-01-22 06:47:01,-0.04002291276887726
2023-01-22 06:48:01,-0.03684242496399905
2023-01-22 06:49:01,-0.037994728487034474
2023-01-22 06:50:01,-0.040319389733646634
2023-01-22 06:51:01,-0.04043104285017828
2023-01-22 06:52:01,-0.039814782687576114
2023-01-22 06:53:01,-0.0403792813325627
2023-01-22 06:54:01,-0.03897386127836236
2023-01-22 06:55:01,-0.03786220816183097
2023-01-22 06:56:01,-0.0365708802485524
2023-01-22 06:57:01,-0.0385042135818855
2023-01-22 06:58:01,-0.03862508079055756
2023-01-22 06:59:01,-0.03848009434069287
2023-01-22 07:00:01,-0.04031803472009669
2023-01-22 07:01:01,-0.038350013039880254
2023-01-22 07:02:01,-0.03710529759272542
2023-01-22 07:03:01,-0.0381819913596629
2023-01-22 07:04:01,-0.03650909163066605
2023-01-22 07:05:01,-0.03800529759272542
2023-01-22 07:06:01,-0.0378161377011266
2023-01-22 07:07:01,-0.03512074474719716
2023-01-22 07:08:01,-0.03728036534340291
2023-01-22 07:09:01,-0.03803564989624845
2023-01-22 07:10:01,-0.0348321268610179
2023-01-22 07:11:01,-0.03196220816183098
2023-01-22 07:12:01,-0.033581178351532875
2023-01-22 07:13:01,-0.03137467428649248
2023-01-22 07:14:01,-0.03129527049245454
2023-01-22 07:15:01,-0.030367899218741636
2023-01-22 07:16:01,-0.031620744747197005
2023-01-22 07:17:01,-0.025407736617115758
2023-01-22 07:18:01,-0.02802399677971736
2023-01-22 07:19:01,-0.02950394257917551
2023-01-22 07:20:01,-0.02739825152226469
2023-01-22 07:21:01,-0.02753050084475787
2023-01-22 07:22:01,-0.028531584855598376
2023-01-22 07:23:01,-0.028226164801397575
2023-01-22 07:24:01,-0.029348387023619867
2023-01-22 07:25:01,-0.030179281332562757
2023-01-22 07:26:01,-0.030363834178091135
2023-01-22 07:27:01,-0.02853564989624865
2023-01-22 07:28:01,-0.029969254232291923
2023-01-22 07:29:01,-0.030442153961289384
2023-01-22 07:30:01,-0.028507194611695545
2023-01-22 07:31:01,-0.027339985939609138
2023-01-22 07:32:01,-0.02758822442199401
2023-01-22 07:33:01,-0.027918305722806673
2023-01-22 07:34:01,-0.02580367157646536
2023-01-22 07:35:01,-0.029213969679446276
2023-01-22 07:36:01,-0.02724838702361988
2023-01-22 07:37:01,-0.026972777267522237
2023-01-22 07:38:01,-0.027207465614405832
2023-01-22 07:39:01,-0.027741611955869057
2023-01-22 07:40:01,-0.026170338243131794
2023-01-22 07:41:01,-0.0279868694084438
2023-01-22 07:42:01,-0.02683673390708861
2023-01-22 07:43:01,-0.027620744747197234
2023-01-22 07:44:01,-0.027279281332562914
2023-01-22 07:45:01,-0.025592560465354113
2023-01-22 07:46:01,-0.02410936263337568
2023-01-22 07:47:01,-0.024025080790557474
2023-01-22 07:48:01,-0.025859769137440862
2023-01-22 07:49:01,-0.022956788107630632
2023-01-22 07:50:01,-0.02430041954394492
2023-01-22 07:51:01,-0.02332589379868764
2023-01-22 07:52:01,-0.021593915478904307
2023-01-22 07:53:01,-0.023425893798687588
2023-01-22 07:54:01,-0.023027248812237895
2023-01-22 07:55:01,-0.02359716751142487
2023-01-22 07:56:01,-0.020613698676736195
2023-01-22 07:57:01,-0.022027790817657742
2023-01-22 07:58:01,-0.019439985939609092
2023-01-22 07:59:01,-0.01982833282307764
2023-01-22 08:00:01,-0.017306381603565586
2023-01-22 08:01:01,-0.01780719461169577
2023-01-22 08:02:01,-0.015097709516844735
2023-01-22 08:03:01,-0.0163903924436738
2023-01-22 08:04:01,-0.016576029300042656
2023-01-22 08:05:01,-0.018402587565625374
2023-01-22 08:06:01,-0.01584649000464953
2023-01-22 08:07:01,-0.015852452064270356
2023-01-22 08:08:01,-0.02039798051955486
2023-01-22 08:09:01,-0.019886327403023634
2023-01-22 08:10:01,-0.0198678992187418
2023-01-22 08:11:01,-0.02016410518080121
2023-01-22 08:12:01,-0.023609904638795885
2023-01-22 08:13:01,-0.022057330113050676
2023-01-22 08:14:01,-0.019929687836627998
2023-01-22 08:15:01,-0.0208939154789045
2023-01-22 08:16:01,-0.020478468324432904
2023-01-22 08:17:01,-0.018329687836628056
2023-01-22 08:18:01,-0.019258414123890864
2023-01-22 08:19:01,-0.018181449354242835
2023-01-22 08:20:01,-0.0150931024707743
2023-01-22 08:21:01,-0.016771964259391984
2023-01-22 08:22:01,-0.012947845018199474
2023-01-22 08:23:01,-0.019458956129310943
2023-01-22 08:24:01,-0.015789579435543797
2023-01-22 08:25:01,-0.016111801657766166
2023-01-22 08:26:01,-0.017335107890828424
2023-01-22 08:27:01,-0.01557873932714308
2023-01-22 08:28:01,-0.01451830572280666
2023-01-22 08:29:01,-0.014782533365083117
2023-01-22 08:30:01,-0.01208957943554396
2023-01-22 08:31:01,-0.014254891088660558
2023-01-22 08:32:01,-0.013461937159121235
2023-01-22 08:33:01,-0.012819931739067035
2023-01-22 08:34:01,-0.011797709516844794
2023-01-22 08:35:01,-0.01242480978784736
2023-01-22 08:36:01,-0.012313427674026056
2023-01-22 08:37:01,-0.012455162091370459
2023-01-22 08:38:01,-0.010301774557494996
2023-01-22 08:39:01,-0.007842153961289405
2023-01-22 08:40:01,-0.008355162091370287
2023-01-22 08:41:01,-0.007739985939609048
2023-01-22 08:42:01,-0.00742345477429747
2023-01-22 08:43:01,-0.007214240682156383
2023-01-22 08:44:01,-0.005746219001939534
2023-01-22 08:45:01,-0.006936191901668969
2023-01-22 08:46:01,-0.006499606535815242
2023-01-22 08:47:01,-0.004334836888118367
2023-01-22 08:48:01,-0.007258143121180763
2023-01-22 08:49:01,-0.00737901032985296
2023-01-22 08:50:01,-0.00512074474719715
2023-01-22 08:51:01,-0.000921557755327347
2023-01-22 08:52:01,-0.0038036715764653895
2023-01-22 08:53:01,-0.0015635631753816188
2023-01-22 08:54:01,-0.0020410699504491616
2023-01-22 08:55:01,0.00033508181106857313
2023-01-22 08:56:01,0.0005044585048356282
2023-01-22 08:57:01,0.0034093365536159866
2023-01-22 08:58:01,3.5081811068379794e-05
2023-01-22 08:59:01,-0.0002592271320208649
2023-01-22 09:00:01,0.0028437538977893234
2023-01-22 09:01:01,0.005491992380174131
2023-01-22 09:02:01,0.005247547935729723
2023-01-22 09:03:01,0.00346435010375146
2023-01-22 09:04:01,0.004385488315133339
2023-01-22 09:05:01,0.005147276933019796
2023-01-22 09:06:01,0.003161911079361265
2023-01-22 09:07:01,0.003993889399144483
2023-01-22 09:08:01,0.008534539805648339
2023-01-22 09:09:01,0.008380881269063282
2023-01-22 09:10:01,0.00972749373518786
2023-01-22 09:11:01,0.012147005930309828
2023-01-22 09:12:01,0.009353238992640315
2023-01-22 09:13:01,0.010132642786678244
2023-01-22 09:14:01,0.011397412434374707
2023-01-22 09:15:01,0.012333997800228496
2023-01-22 09:16:01,0.01519388939914464
2023-01-22 09:17:01,0.013095244412694705
2023-01-22 09:18:01,0.014198496445214972
2023-01-22 09:19:01,0.01677302219047238
2023-01-22 09:20:01,0.016712859588846354
2023-01-22 09:21:01,0.018994702407274452
2023-01-22 09:22:01,0.018519092651177044
2023-01-22 09:23:01,0.016457304033290723
2023-01-22 09:24:01,0.02235052896553998
2023-01-22 09:25:01,0.01849659942624448
2023-01-22 09:26:01,0.01828277828803325
2023-01-22 09:27:01,0.018468686147112053
2023-01-22 09:28:01,0.024015840618656685
2023-01-22 09:29:01,0.025634810808358506
2023-01-22 09:30:01,0.024308794548195886
2023-01-22 09:31:01,0.029268686147111977
2023-01-22 09:32:01,0.03211827964304673
2023-01-22 09:33:01,0.027768144141692028
2023-01-22 09:34:01,0.028821260672857146
2023-01-22 09:35:01,0.03020960755632596
2023-01-22 09:36:01,0.027935894819198635
2023-01-22 09:37:01,0.028781694277193345
2023-01-22 09:38:01,0.02967112517150219
2023-01-22 09:39:01,0.02970039346418498
2023-01-22 09:40:01,0.030628306743318096
2023-01-22 09:41:01,0.030293076391014282
2023-01-22 09:42:01,0.03377112517150203
2023-01-22 09:43:01,0.036078984250092934
2023-01-22 09:44:01,0.041508794548195706
2023-01-22 09:45:01,0.045221531675567105
2023-01-22 09:46:01,0.0486386048462988
2023-01-22 09:47:01,0.05096218208207117
2023-01-22 09:48:01,0.051200122461475074
2023-01-22 09:49:01,0.054491721377464254
2023-01-22 09:50:01,0.055641314873398955
2023-01-22 09:51:01,0.05459253438559416
2023-01-22 09:52:01,0.05717546121486223
2023-01-22 09:53:01,0.06196299509020164
2023-01-22 09:54:01,0.06260147747502552
2023-01-22 09:55:01,0.07003481080835866
2023-01-22 09:56:01,0.07073155877583807
2023-01-22 09:57:01,0.08035269698722033
2023-01-22 09:58:01,0.0848573040332907
2023-01-22 09:59:01,0.09163155877583834
2023-01-22 10:00:01,0.09584023086255919
2023-01-22 10:01:01,0.10082261568640724
2023-01-22 10:02:01,0.10769226338288422
2023-01-22 10:03:01,0.10730066446689517
2023-01-22 10:04:01,0.11250256148586527
2023-01-22 10:05:01,0.11793345579480845
2023-01-22 10:06:01,0.12355947205497098
2023-01-22 10:07:01,0.1267865723259738
2023-01-22 10:08:01,0.13345567801703065
2023-01-22 10:09:01,0.14261502761052686
2023-01-22 10:10:01,0.1429475479357297
2023-01-22 10:11:01,0.14452966175686763
2023-01-22 10:12:01,0.14513264278667842
2023-01-22 10:13:01,0.1514787132473828
2023-01-22 10:14:01,0.15277573221757274
2023-01-22 10:15:01,0.1526470059303096
2023-01-22 10:16:01,0.15528277828803344
2023-01-22 10:17:01,0.16470066446689513
2023-01-22 10:18:01,0.16598575931784348
2023-01-22 10:19:01,0.17072722273247787
2023-01-22 10:20:01,0.1798437538977894
2023-01-22 10:21:01,0.18332722273247767
2023-01-22 10:22:01,0.18971285958884632
2023-01-22 10:23:01,0.1989247837080876
2023-01-22 10:24:01,0.20646841514440184
2023-01-22 10:25:01,0.21573562381648836
2023-01-22 10:26:01,0.22525757503600063
2023-01-22 10:27:01,0.2379372498327488
2023-01-22 10:28:01,0.24820472950754566
2023-01-22 10:29:01,0.2567608270685209
2023-01-22 10:30:01,0.2663093365536158
2023-01-22 10:31:01,0.2732426698869492
2023-01-22 10:32:01,0.2801269517297678
2023-01-22 10:33:01,0.2848342688029388
2023-01-22 10:34:01,0.28664266988694936
2023-01-22 10:35:01,0.2876459219194697
2023-01-22 10:36:01,0.29413210078125873
2023-01-22 10:37:01,0.2935624530847815
2023-01-22 10:38:01,0.28695865904684087
2023-01-22 10:39:01,0.28320445850483555
2023-01-22 10:40:01,0.27451340159426657
2023-01-22 10:41:01,0.2638079815400655
2023-01-22 10:42:01,0.256538062840879
2023-01-22 10:43:01,0.24538846934494388
2023-01-22 10:44:01,0.23681285958884624
2023-01-22 10:45:01,0.22317790023925257
2023-01-22 10:46:01,0.2118556780170306
2023-01-22 10:47:01,0.19774890294927966
2023-01-22 10:48:01,0.1844751902121525
2023-01-22 10:49:01,0.17197275118776256
2023-01-22 10:50:01,0.16143318479209828
2023-01-22 10:51:01,0.15071556961594654
2023-01-22 10:52:01,0.14118196527990298
2023-01-22 10:53:01,0.13297546121486278
2023-01-22 10:54:01,0.12310500051025552
2023-01-22 10:55:01,0.1166445669059196
2023-01-22 10:56:01,0.10858955335578398
2023-01-22 10:57:01,0.10256326609291136
2023-01-22 10:58:01,0.09336516311188162
2023-01-22 10:59:01,0.09491231758342605
2023-01-22 11:00:01,0.09127220918234218
2023-01-22 11:01:01,0.08820581351838554
2023-01-22 11:02:01,0.08609578641811458
2023-01-22 11:03:01,0.08646922815253175
2023-01-22 11:04:01,0.08162126067285708
2023-01-22 11:05:01,0.07839768343708473
2023-01-22 11:06:01,0.07843860484629904
2023-01-22 11:07:01,0.074860556065811
2023-01-22 11:08:01,0.07079741243437469
2023-01-22 11:09:01,0.06546977015795187
2023-01-22 11:10:01,0.06024483790862969
2023-01-22 11:11:01,0.057180610266353064
2023-01-22 11:12:01,0.05091719563220676
2023-01-22 11:13:01,0.04887925525280312
2023-01-22 11:14:01,0.04563697883003868
2023-01-22 11:15:01,0.045758117041420736
2023-01-22 11:16:01,0.04542180267827719
2023-01-22 11:17:01,0.043216653626786665
2023-01-22 11:18:01,0.0421247837080875
2023-01-22 11:19:01,0.04135811704142117
2023-01-22 11:20:01,0.04061096256987636
2023-01-22 11:21:01,0.039714214602396526
2023-01-22 11:22:01,0.03665622002245054
2023-01-22 11:23:01,0.037632371783968326
2023-01-22 11:24:01,0.03649009536120381
2023-01-22 11:25:01,0.03637004116066211
2023-01-22 11:26:01,0.03847708723112266
2023-01-22 11:27:01,0.039448902949280044
2023-01-22 11:28:01,0.040918550645756925
2023-01-22 11:29:01,0.0416096075563259
2023-01-22 11:30:01,0.04070229048315535
2023-01-22 11:31:01,0.03829199238017419
2023-01-22 11:32:01,0.0351405018652691
2023-01-22 11:33:01,0.0372031034912852
2023-01-22 11:34:01,0.0360326427866781
2023-01-22 11:35:01,0.034926409724347685
2023-01-22 11:36:01,0.03394212788152915
2023-01-22 11:37:01,0.03285974305768103
2023-01-22 11:38:01,0.02656191107936124
2023-01-22 11:39:01,0.02340960755632585
2023-01-22 11:40:01,0.018802832488575266
2023-01-22 11:41:01,0.016577087231122497
2023-01-22 11:42:01,0.010403916499415137
2023-01-22 11:43:01,0.007741856878819167
2023-01-22 11:44:01,0.002958388044130973
2023-01-22 11:45:01,-0.002004213581885457
2023-01-22 11:46:01,-0.005068441224161974
2023-01-22 11:47:01,-0.005835378893538588
2023-01-22 11:48:01,-0.009927790817657992
2023-01-22 11:49:01,-0.012809633636085964
2023-01-22 11:50:01,-0.009029145831207813
2023-01-22 11:51:01,-0.00809147645451418
2023-01-22 11:52:01,-0.006445134991099289
2023-01-22 11:53:01,-0.006455433094080637
2023-01-22 11:54:01,-0.005983888378633248
2023-01-22 11:55:01,-0.005905839598145654
2023-01-22 11:56:01,-0.003046219001939282
2023-01-22 11:57:01,0.008700393464184924
2023-01-22 11:58:01,0.02437085416879202
2023-01-22 11:59:01,0.04137898425009288
2023-01-22 12:00:01,0.06715405200077038
2023-01-22 12:01:01,0.0873223446836974
2023-01-22 12:02:01,0.11104294088965937
2023-01-22 12:03:01,0.127970041160662
2023-01-22 12:04:01,0.14771421460239628
2023-01-22 12:05:01,0.16832803574060795
2023-01-22 12:06:01,0.18584917395198985
2023-01-22 12:07:01,0.20167925525280306
2023-01-22 12:08:01,0.20953752083545868
2023-01-22 12:09:01,0.21837708723112256
2023-01-22 12:10:01,0.2199044585048355
2023-01-22 12:11:01,0.2209255967162178
2023-01-22 12:12:01,0.2121776292365427
2023-01-22 12:13:01,0.20913616582190853
2023-01-22 12:14:01,0.20091746663491672
2023-01-22 12:15:01,0.1922792552528028
2023-01-22 12:16:01,0.1827489029492801
2023-01-22 12:17:01,0.1703906373666242
2023-01-22 12:18:01,0.16067979725822307
2023-01-22 12:19:01,0.1468339978002285
2023-01-22 12:20:01,0.12364944495469996
2023-01-22 12:21:01,0.10481990565930711
2023-01-22 12:22:01,0.08602397069995736
2023-01-22 12:23:01,0.07439334739372448
2023-01-22 12:24:01,0.0676036454967056
2023-01-22 12:25:01,0.062486301323263466
2023-01-22 12:26:01,0.05946516311188153
2023-01-22 12:27:01,0.05077735823383254
2023-01-22 12:28:01,0.05353237178396795
2023-01-22 12:29:01,0.051744837908629576
2023-01-22 12:30:01,0.0537667891281419
2023-01-22 12:31:01,0.06001665362678678
2023-01-22 12:32:01,0.07274212788152916
2023-01-22 12:33:01,0.08220581351838563
2023-01-22 12:34:01,0.0932703121633722
2023-01-22 12:35:01,0.0958014774750254
2023-01-22 12:36:01,0.09798440430429357
2023-01-22 12:37:01,0.10202126067285702
2023-01-22 12:38:01,0.1068648921091715
2023-01-22 12:39:01,0.12656841514440187
2023-01-22 12:40:01,0.155538604846299
2023-01-22 12:41:01,0.18790337449399533
2023-01-22 12:42:01,0.2034077105373558
2023-01-22 12:43:01,0.2093535099953504
2023-01-22 12:44:01,0.19831123357258593
2023-01-22 12:45:01,0.19129903845063487
2023-01-22 12:46:01,0.1877657051173015
2023-01-22 12:47:01,0.19508846934494392
2023-01-22 12:48:01,0.20071096256987628
2023-01-22 12:49:01,0.19460581351838546
2023-01-22 12:50:01,0.1776665181254316
2023-01-22 12:51:01,0.16034537991404985
2023-01-22 12:52:01,0.14578684332868358
2023-01-22 12:53:01,0.12982939075415792
2023-01-22 12:54:01,0.10385052896554003
2023-01-22 12:55:01,0.07143616582190862
2023-01-22 12:56:01,0.042462995090201204
2023-01-22 12:57:01,0.015646192922179638
2023-01-22 12:58:01,-0.002834023879988421
2023-01-22 12:59:01,-0.01508768241657385
2023-01-22 13:00:01,-0.026173319272942065
2023-01-22 13:01:01,-0.045347303012779804
2023-01-22 13:02:01,-0.05107548729462255
2023-01-22 13:03:01,-0.05638632740302343
2023-01-22 13:04:01,-0.053127248812237446
2023-01-22 13:05:01,-0.050965189191641495
2023-01-22 13:06:01,-0.049924538785137404
2023-01-22 13:07:01,-0.04841695070925661
2023-01-22 13:08:01,-0.04580583959814543
2023-01-22 13:09:01,-0.04510394257917531
2023-01-22 13:10:01,-0.04962291276887727
2023-01-22 13:11:01,-0.05187304827023227
2023-01-22 13:12:01,-0.051171422253971754
2023-01-22 13:13:01,-0.04443131385288803
2023-01-22 13:14:01,-0.035711801657766246
2023-01-22 13:15:01,-0.02757250626481224
2023-01-22 13:16:01,-0.028018847728226864
2023-01-22 13:17:01,-0.02627846832443278
2023-01-22 13:18:01,-0.0228874114138637
2023-01-22 13:19:01,-0.026605026590015842
2023-01-22 13:20:01,-0.024096896508714778
2023-01-22 13:21:01,-0.02291776371738656
2023-01-22 13:22:01,-0.025129958839337923
2023-01-22 13:23:01,-0.026411530655056203
2023-01-22 13:24:01,-0.03090285856833538
2023-01-22 13:25:01,-0.0391814493542431
2023-01-22 13:26:01,-0.043595541495164356
2023-01-22 13:27:01,-0.04589581249787457
2023-01-22 13:28:01,-0.040701503554785176
2023-01-22 13:29:01,-0.038825622795977614
2023-01-22 13:30:01,-0.037677655316302884
2023-01-22 13:31:01,-0.036828874828497796
2023-01-22 13:32:01,-0.03695407808053041
2023-01-22 13:33:01,-0.03899581249787474
2023-01-22 13:34:01,-0.03940448458459532
2023-01-22 13:35:01,-0.040463292172671236
2023-01-22 13:36:01,-0.0434475740154898
2023-01-22 13:37:01,-0.04404757401548989
2023-01-22 13:38:01,-0.04564350897483919
2023-01-22 13:39:01,-0.04786410518080104
2023-01-22 13:40:01,-0.047190663446383924
2023-01-22 13:41:01,-0.056175216291912494
2023-01-22 13:42:01,-0.05841098864963633
2023-01-22 13:43:01,-0.06146627320248159
2023-01-22 13:44:01,-0.06565218106156025
2023-01-22 13:45:01,-0.06482941683391791
2023-01-22 13:46:01,-0.06297440328378245
2023-01-22 13:47:01,-0.06482535179326748
2023-01-22 13:48:01,-0.06423754691521866
2023-01-22 13:49:01,-0.06564703201006933
2023-01-22 13:50:01,-0.06289174745722458
2023-01-22 13:51:01,-0.060292289462644255
2023-01-22 13:52:01,-0.062486056400313475
2023-01-22 13:53:01,-0.05876220816183127
2023-01-22 13:54:01,-0.052112072660476176
2023-01-22 13:55:01,-0.055444050980259466
2023-01-22 13:56:01,-0.05209228946264434
2023-01-22 13:57:01,-0.04851586669841651
2023-01-22 13:58:01,-0.05162345477429736
2023-01-22 13:59:01,-0.06108280436779325
2023-01-22 14:00:01,-0.06374703201006968
2023-01-22 14:01:01,-0.06371667970654674
2023-01-22 14:02:01,-0.06530692360898582
2023-01-22 14:03:01,-0.0646660021997714
2023-01-22 14:04:01,-0.06657575829733267
2023-01-22 14:05:01,-0.07374811602090993
2023-01-22 14:06:01,-0.07900502659001545
2023-01-22 14:07:01,-0.08316979623771173
2023-01-22 14:08:01,-0.08277060924584229
2023-01-22 14:09:01,-0.08215082604800993
2023-01-22 14:10:01,-0.08361234366318623
2023-01-22 14:11:01,-0.07726329217267133
2023-01-22 14:12:01,-0.07769174745722382
2023-01-22 14:13:01,-0.07572237076345714
2023-01-22 14:14:01,-0.08067711331088262
2023-01-22 14:15:01,-0.07851261466589622
2023-01-22 14:16:01,-0.08024025694231897
2023-01-22 14:17:01,-0.08125841412389086
2023-01-22 14:18:01,-0.07950773661711567
2023-01-22 14:19:01,-0.07862155775532687
2023-01-22 14:20:01,-0.07485163905614005
2023-01-22 14:21:01,-0.07622724881223772
2023-01-22 14:22:01,-0.07469337347348438
2023-01-22 14:23:01,-0.07551180165776612
2023-01-22 14:24:01,-0.07672995883933793
2023-01-22 14:25:01,-0.0752050265900156
2023-01-22 14:26:01,-0.07524269596670938
2023-01-22 14:27:01,-0.07528578539760339
2023-01-22 14:28:01,-0.07161559569570658
2023-01-22 14:29:01,-0.07472562279597728
2023-01-22 14:30:01,-0.07372562279597743
2023-01-22 14:31:01,-0.07642724881223767
2023-01-22 14:32:01,-0.0725955414951645
2023-01-22 14:33:01,-0.07190448458459539
2023-01-22 14:34:01,-0.07300394257917527
2023-01-22 14:35:01,-0.07362914583120776
2023-01-22 14:36:01,-0.0760998775385251
2023-01-22 14:37:01,-0.07780041954394529
2023-01-22 14:38:01,-0.08037684230817288
2023-01-22 14:39:01,-0.08187088024855202
2023-01-22 14:40:01,-0.08038632740302373
2023-01-22 14:41:01,-0.08092480978784754
2023-01-22 14:42:01,-0.07871478268757674
2023-01-22 14:43:01,-0.07668470138676359
2023-01-22 14:44:01,-0.07621315667131646
2023-01-22 14:45:01,-0.07756844122416164
2023-01-22 14:46:01,-0.07735272306698023
2023-01-22 14:47:01,-0.07893131385288837
2023-01-22 14:48:01,-0.0791031295710454
2023-01-22 14:49:01,-0.07889662550600474
2023-01-22 14:50:01,-0.07509933553310498
2023-01-22 14:51:01,-0.07282155775532737
2023-01-22 14:52:01,-0.07177846832443296
2023-01-22 14:53:01,-0.07333835992334885
2023-01-22 14:54:01,-0.07362833282307778
2023-01-22 14:55:01,-0.07441342767402635
2023-01-22 14:56:01,-0.07233510789082821
2023-01-22 14:57:01,-0.0697695252350019
2023-01-22 14:58:01,-0.069429687836628
2023-01-22 14:59:01,-0.07269337347348412
2023-01-22 15:00:01,-0.07163863092605889
2023-01-22 15:01:01,-0.07353483688811843
2023-01-22 15:02:01,-0.07284703201006941
2023-01-22 15:03:01,-0.07845163905614001
2023-01-22 15:04:01,-0.07605760111576082
2023-01-22 15:05:01,-0.07675136805343033
2023-01-22 15:06:01,-0.07567169325668231
2023-01-22 15:07:01,-0.07519608350058456
2023-01-22 15:08:01,-0.07547006724042178
2023-01-22 15:09:01,-0.07381234366318638
2023-01-22 15:10:01,-0.07726247916454113
2023-01-22 15:11:01,-0.07876979623771206
2023-01-22 15:12:01,-0.08435570409679068
2023-01-22 15:13:01,-0.085969525235002
2023-01-22 15:14:01,-0.08063321087185826
2023-01-22 15:15:01,-0.08088253336508335
2023-01-22 15:16:01,-0.07854134095315918
2023-01-22 15:17:01,-0.078172235262102
2023-01-22 15:18:01,-0.0782315848555983
2023-01-22 15:19:01,-0.0826901214409639
2023-01-22 15:20:01,-0.08215489108866034
2023-01-22 15:21:01,-0.08325082604801007
2023-01-22 15:22:01,-0.08246247916454144
2023-01-22 15:23:01,-0.08158388837863347
2023-01-22 15:24:01,-0.07992020274177698
2023-01-22 15:25:01,-0.08083781791792889
2023-01-22 15:26:01,-0.08098605640031367
2023-01-22 15:27:01,-0.08010638160356566
2023-01-22 15:28:01,-0.08183781791792875
2023-01-22 15:29:01,-0.07953212686101821
2023-01-22 15:30:01,-0.07996546019435163
2023-01-22 15:31:01,-0.07944025694231899
2023-01-22 15:32:01,-0.08111180165776645
2023-01-22 15:33:01,-0.07905516209137055
2023-01-22 15:34:01,-0.084079010329853
2023-01-22 15:35:01,-0.08471071764692598
2023-01-22 15:36:01,-0.08263429488269837
2023-01-22 15:37:01,-0.08057142225397208
2023-01-22 15:38:01,-0.07907846832443281
2023-01-22 15:39:01,-0.07574079894773916
2023-01-22 15:40:01,-0.07886329217267143
2023-01-22 15:41:01,-0.07826247916454108
2023-01-22 15:42:01,-0.08218470138676337
2023-01-22 15:43:01,-0.08104161195586912
2023-01-22 15:44:01,-0.08139445748432442
2023-01-22 15:45:01,-0.07928280436779335
2023-01-22 15:46:01,-0.07613429488269821
2023-01-22 15:47:01,-0.07507819732172293
2023-01-22 15:48:01,-0.07979852252497488
2023-01-22 15:49:01,-0.07783239786372786
2023-01-22 15:50:01,-0.08277331927294218
2023-01-22 15:51:01,-0.08354621900193962
2023-01-22 15:52:01,-0.08130611060085542
2023-01-22 15:53:01,-0.08173185585830804
2023-01-22 15:54:01,-0.07976058214557097
2023-01-22 15:55:01,-0.07858117835153292
2023-01-22 15:56:01,-0.08001505369028619
2023-01-22 15:57:01,-0.08101640870383647
2023-01-22 15:58:01,-0.08389960653581499
2023-01-22 15:59:01,-0.08161451168486634
2023-01-22 16:00:01,-0.08127657130546248
2023-01-22 16:01:01,-0.08047955233527299
2023-01-22 16:02:01,-0.07843348187456832
2023-01-22 16:03:01,-0.07809635450329469
2023-01-22 16:04:01,-0.0802551620913704
2023-01-22 16:05:01,-0.08159879352768444
2023-01-22 16:06:01,-0.08325272306698042
2023-01-22 16:07:01,-0.08397250626481216
2023-01-22 16:08:01,-0.08286573119706156
2023-01-22 16:09:01,-0.07897060924584198
2023-01-22 16:10:01,-0.07669933553310498
2023-01-22 16:11:01,-0.07648388837863344
2023-01-22 16:12:01,-0.07700773661711571
2023-01-22 16:13:01,-0.0803166797065466
2023-01-22 16:14:01,-0.08348632740302357
2023-01-22 16:15:01,-0.08400231656291543
2023-01-22 16:16:01,-0.079230771847468
2023-01-22 16:17:01,-0.07900204556020513
2023-01-22 16:18:01,-0.07978686940844396
2023-01-22 16:19:01,-0.08044296696941929
2023-01-22 16:20:01,-0.08213781791792871
2023-01-22 16:21:01,-0.08310258756562519
2023-01-22 16:22:01,-0.08315489108866021
2023-01-22 16:23:01,-0.08191396967944639
2023-01-22 16:24:01,-0.07899554149516415
2023-01-22 16:25:01,-0.07966518919164153
2023-01-22 16:26:01,-0.08237846832443288
2023-01-22 16:27:01,-0.08494161195586891
2023-01-22 16:28:01,-0.08259364447619431
2023-01-22 16:29:01,-0.08349283146806444
2023-01-22 16:30:01,-0.083329145831208
2023-01-22 16:31:01,-0.08142914583120779
2023-01-22 16:32:01,-0.08131451168486645
2023-01-22 16:33:01,-0.0790353788935384
2023-01-22 16:34:01,-0.07912209976074726
2023-01-22 16:35:01,-0.08206112415099097
2023-01-22 16:36:01,-0.07862670680681765
2023-01-22 16:37:01,-0.07890394257917534
2023-01-22 16:38:01,-0.07724296696941932
2023-01-22 16:39:01,-0.07625299406969019
2023-01-22 16:40:01,-0.07538361737592326
2023-01-22 16:41:01,-0.07919120545180432
2023-01-22 16:42:01,-0.07916166615641106
2023-01-22 16:43:01,-0.07946789921874166
2023-01-22 16:44:01,-0.0778716932566823
2023-01-22 16:45:01,-0.07854296696941933
2023-01-22 16:46:01,-0.08068741141386357
2023-01-22 16:47:01,-0.08166139515370115
2023-01-22 16:48:01,-0.08101396967944655
2023-01-22 16:49:01,-0.08373808892063878
2023-01-22 16:50:01,-0.08468686940844337
2023-01-22 16:51:01,-0.08634188295857903
2023-01-22 16:52:01,-0.08559608350058467
2023-01-22 16:53:01,-0.08354405098025922
2023-01-22 16:54:01,-0.083740798947739
2023-01-22 16:55:01,-0.08536979623771228
2023-01-22 16:56:01,-0.08526220816183146
2023-01-22 16:57:01,-0.08597901032985295
2023-01-22 16:58:01,-0.08768361737592352
2023-01-22 16:59:01,-0.08849662550600458
2023-01-22 17:00:01,-0.08533375287727865
2023-01-22 17:01:01,-0.0833643761835115
2023-01-22 17:02:01,-0.08273564989624868
2023-01-22 17:03:01,-0.08693348187456844
2023-01-22 17:04:01,-0.0889871404111538
2023-01-22 17:05:01,-0.09164242496399923
2023-01-22 17:06:01,-0.09272806182036764
2023-01-22 17:07:01,-0.09415787211847082
2023-01-22 17:08:01,-0.094059769137441
2023-01-22 17:09:01,-0.09356058214557139
2023-01-22 17:10:01,-0.09473077184746821
2023-01-22 17:11:01,-0.0973147826875763
2023-01-22 17:12:01,-0.09870475558730538
2023-01-22 17:13:01,-0.09906708621061165
2023-01-22 17:14:01,-0.09766031114286121
2023-01-22 17:15:01,-0.09599716751142477
2023-01-22 17:16:01,-0.09435462008595055
2023-01-22 17:17:01,-0.09527467428649249
2023-01-22 17:18:01,-0.09411342767402643
2023-01-22 17:19:01,-0.09667928133256284
2023-01-22 17:20:01,-0.09650014854123512
2023-01-22 17:21:01,-0.09599608350058447
2023-01-22 17:22:01,-0.09513808892063881
2023-01-22 17:23:01,-0.09570421358188533
2023-01-22 17:24:01,-0.09426139515370113
2023-01-22 17:25:01,-0.09574676100735975
2023-01-22 17:26:01,-0.09610746561440547
2023-01-22 17:27:01,-0.09896247916454151
2023-01-22 17:28:01,-0.0999128856686062
2023-01-22 17:29:01,-0.10050367157646568
2023-01-22 17:30:01,-0.09697413228107236
2023-01-22 17:31:01,-0.09321613770112647
2023-01-22 17:32:01,-0.09498849542470383
2023-01-22 17:33:01,-0.09505814312118081
2023-01-22 17:34:01,-0.09490611060085571
2023-01-22 17:35:01,-0.09511369867673654
2023-01-22 17:36:01,-0.0953687122268716
2023-01-22 17:37:01,-0.09633592089895852
2023-01-22 17:38:01,-0.09713835992334888
2023-01-22 17:39:01,-0.09937115125126202
2023-01-22 17:40:01,-0.10019852252497477
2023-01-22 17:41:01,-0.09784649000464961
2023-01-22 17:42:01,-0.09917277726752222
2023-01-22 17:43:01,-0.09890882062795564
2023-01-22 17:44:01,-0.10385191005885037
2023-01-22 17:45:01,-0.09754296696941923
2023-01-22 17:46:01,-0.09799770951684485
2023-01-22 17:47:01,-0.09776437618351137
2023-01-22 17:48:01,-0.09871559569570643
2023-01-22 17:49:01,-0.09727088024855189
2023-01-22 17:50:01,-0.0948855143948934
2023-01-22 17:51:01,-0.096099064530395
2023-01-22 17:52:01,-0.09702616480139771
2023-01-22 17:53:01,-0.10050014854123487
2023-01-22 17:54:01,-0.10067331927294253
2023-01-22 17:55:01,-0.1023248097878476
2023-01-22 17:56:01,-0.10083050084475813
2023-01-22 17:57:01,-0.09932535179326753
2023-01-22 17:58:01,-0.10277494528920238
2023-01-22 17:59:01,-0.1010790103298528
2023-01-22 18:00:01,-0.10037196425939209
2023-01-22 18:01:01,-0.09891396967944645
2023-01-22 18:02:01,-0.09862074474719706
2023-01-22 18:03:01,-0.09725136805343002
2023-01-22 18:04:01,-0.09660123255207519
2023-01-22 18:05:01,-0.09523727591250875
2023-01-22 18:06:01,-0.09494161195586905
2023-01-22 18:07:01,-0.09582020274177691
2023-01-22 18:08:01,-0.09877060924584195
2023-01-22 18:09:01,-0.09625434908324039
2023-01-22 18:10:01,-0.09990448458459526
2023-01-22 18:11:01,-0.09936085314828096
2023-01-22 18:12:01,-0.0988985225249749
2023-01-22 18:13:01,-0.09986220816183118
2023-01-22 18:14:01,-0.09829608350058469
2023-01-22 18:15:01,-0.0944773843135926
2023-01-22 18:16:01,-0.09516464718622145
2023-01-22 18:17:01,-0.09650475558730562
2023-01-22 18:18:01,-0.09686546019435165
2023-01-22 18:19:01,-0.09538551439489361
2023-01-22 18:20:01,-0.09802670680681783
2023-01-22 18:21:01,-0.0961435089748393
2023-01-22 18:22:01,-0.09827873932714307
2023-01-22 18:23:01,-0.09508822442199359
2023-01-22 18:24:01,-0.09434784501819966
2023-01-22 18:25:01,-0.09608849542470385
2023-01-22 18:26:01,-0.09196518919164165
2023-01-22 18:27:01,-0.09039364447619436
2023-01-22 18:28:01,-0.09019283146806445
2023-01-22 18:29:01,-0.09188957943554386
2023-01-22 18:30:01,-0.08871478268757643
2023-01-22 18:31:01,-0.09111776371738665
2023-01-22 18:32:01,-0.09364567699651935
2023-01-22 18:33:01,-0.09089662550600468
2023-01-22 18:34:01,-0.09058470138676336
2023-01-22 18:35:01,-0.09437033824313197
2023-01-22 18:36:01,-0.09519527049245444
2023-01-22 18:37:01,-0.0961464900046495
2023-01-22 18:38:01,-0.09730231656291523
2023-01-22 18:39:01,-0.09650448458459537
2023-01-22 18:40:01,-0.09561613770112655
2023-01-22 18:41:01,-0.09520312957104544
2023-01-22 18:42:01,-0.09799039244367402
2023-01-22 18:43:01,-0.09590882062795582
2023-01-22 18:44:01,-0.09780611060085552
2023-01-22 18:45:01,-0.09697413228107249
2023-01-22 18:46:01,-0.09414920003174995
2023-01-22 18:47:01,-0.09389174745722406
2023-01-22 18:48:01,-0.09217765531630279
2023-01-22 18:49:01,-0.0939066526062756
2023-01-22 18:50:01,-0.09252372577700758
2023-01-22 18:51:01,-0.09527223526210221
2023-01-22 18:52:01,-0.09363131385288803
2023-01-22 18:53:01,-0.09408903743012398
2023-01-22 18:54:01,-0.09675163905614029
2023-01-22 18:55:01,-0.09555868512660098
2023-01-22 18:56:01,-0.09344242496399935
2023-01-22 18:57:01,-0.0956332108718585
2023-01-22 18:58:01,-0.09517602930004257
2023-01-22 18:59:01,-0.09282643580410785
2023-01-22 19:00:01,-0.09475516209137054
2023-01-22 19:01:01,-0.09336789921874189
2023-01-22 19:02:01,-0.09174784501819976
2023-01-22 19:03:01,-0.09324377997754942
2023-01-22 19:04:01,-0.09279798051955461
2023-01-22 19:05:01,-0.09077765531630275
2023-01-22 19:06:01,-0.09067467428649251
2023-01-22 19:07:01,-0.08808388837863365
2023-01-22 19:08:01,-0.08613131385288819
2023-01-22 19:09:01,-0.08579879352768456
2023-01-22 19:10:01,-0.08588524339218345
2023-01-22 19:11:01,-0.08619174745722422
2023-01-22 19:12:01,-0.08477386127836249
2023-01-22 19:13:01,-0.089409362633376
2023-01-22 19:14:01,-0.0886673572133217
2023-01-22 19:15:01,-0.08184594799922965
2023-01-22 19:16:01,-0.0825459479992295
2023-01-22 19:17:01,-0.08243239786372834
2023-01-22 19:18:01,-0.08422237076345736
2023-01-22 19:19:01,-0.08230556859543556
2023-01-22 19:20:01,-0.08363998593960885
2023-01-22 19:21:01,-0.08225407808053037
2023-01-22 19:22:01,-0.0806893084328342
2023-01-22 19:23:01,-0.08249879352768484
2023-01-22 19:24:01,-0.08332426778242753
2023-01-22 19:25:01,-0.08388063634611304
2023-01-22 19:26:01,-0.0810966255060047
2023-01-22 19:27:01,-0.0820473030127797
2023-01-22 19:28:01,-0.08183863092605899
2023-01-22 19:29:01,-0.08020746561440567
2023-01-22 19:30:01,-0.08227060924584195
2023-01-22 19:31:01,-0.0837218287580374
2023-01-22 19:32:01,-0.08180177455749515
2023-01-22 19:33:01,-0.08418497238947371
2023-01-22 19:34:01,-0.07992291276887721
2023-01-22 19:35:01,-0.0800814493542432
2023-01-22 19:36:01,-0.07907413228107227
2023-01-22 19:37:01,-0.08050529759272564
2023-01-22 19:38:01,-0.07837630030275265
2023-01-22 19:39:01,-0.07675841412389102
2023-01-22 19:40:01,-0.08070421358188525
2023-01-22 19:41:01,-0.07677819732172289
2023-01-22 19:42:01,-0.07787277726752231
2023-01-22 19:43:01,-0.07814947103445984
2023-01-22 19:44:01,-0.07680990463879596
2023-01-22 19:45:01,-0.07799066344638397
2023-01-22 19:46:01,-0.0770500130398802
2023-01-22 19:47:01,-0.0764657311970617
2023-01-22 19:48:01,-0.08067684230817278
2023-01-22 19:49:01,-0.08129256046535427
2023-01-22 19:50:01,-0.08090665260627551
2023-01-22 19:51:01,-0.07981098864963597
2023-01-22 19:52:01,-0.07991315667131636
2023-01-22 19:53:01,-0.07985407808053016
2023-01-22 19:54:01,-0.08087846832443266
2023-01-22 19:55:01,-0.07859283146806426
2023-01-22 19:56:01,-0.08002535179326739
2023-01-22 19:57:01,-0.08200854962524574
2023-01-22 19:58:01,-0.08026844122416159
2023-01-22 19:59:01,-0.0806660021997714
